product_id,product_name
1,Samsung Galaxy S22 Ultra Smartphone
2,Apple Iphone 13 Pro Max
3,Sony Wireless Noise Cancelling Headphones
4,Nike Air Max 270 Running Shoes
5,Adidas Superstar Classic Fashion Sneakers
6,Fresh Organic Grocery Basket Subscription
7,Canon EOS 80D Digital Camera
8,Playstation 5 Console Bundle
9,Xbox Series X Gaming Console
10,Gaming Keyboard With Customizable Backlit
11,Gaming Mouse With High PrecisionSensor
12,Ray Ban Aviator Sunglasses
13,Oakley Sports Sunglasses For Men
14,Prada Luxury Handbags For Women
15,Gucci Leather Wallets For Men
16,Fresh Fruit And Vegatable Box
17,Grocery Shopping Essentials Kit
18,Organic Food And Beverage Gift Basket
19,Samsung S22 Ultra Phone Case
20,Iphone 13 Screen Protector
21,Wireless Charging Pad For Samsung
22,Portable Power Bank For Iphone
23,Sony Headphones With Mic
24,Beats By Dre Wireless Headphones
25,Bose Quietcomfort Noise Cancelling
26,Puma Sports Shoes For Men
27,Reebok Classic Leather Sneakers
28,Converse Chuck Taylor All Star
29,Vans Old Skool Skateboarding Shoes
30,New Balance Fresh Foam Running
31,Asus Gaming Laptop With Nvidia
32,Dell Inspiron Laptop For Business
33,Hp Envy Laptop With Touchscreen
34,Lenovo Thinkpad Laptop For Professionals
35,Microsoft Surface Laptop For Students
36,Apple Macbook Air Laptop
37,Samsung Galaxy Buds Pro Earbuds
38,Amazon Echo Smart Speaker
39,Google Home Mini Smart Speaker
40,Sony SRS XB43 Portable Speaker
41,Jbl Flip 5 Waterproof Speaker
42,Bose Soundlink Color Portable Speaker
43,Anker Powercore Portable Charger
44,Mophie Powerstation Portable Power Bank
45,Samsug Galxy S22 Ultra Smartphone
46,Iphon 13 Pro Max
47,Nik Air Max 270 Runing Shoes
48,Canow EOS 80D Digtal Camera
49,Playstaion 5 Console Bundle
50,Xbpx Series X Gaming Console
51,Apple Watch Series 7 Smartwatch
52,Samsung Galaxy S22 Ultra Smartphone
53,Nike Air Max 270 Running Shoes
54,Sony WH-1000XM5 Wireless Headphones
55,Canon EOS 80D Digital Camera
56,Gucci Ace Sneakers For Men
57,KitchenAid Stand Mixer Tilt Head
58,Dell Inspiron 15 5000 Laptop
59,Levis 501 Original Fit Jeans
60,Bose QuietComfort 35 II Headphones
61,Philips Hue Smart Light Bulb
62,Rayban Aviator Sunglasses For Women
63,Fossil Grant Chronograph Watch
64,HP Envy x360 Convertible Laptop
65,Calvin Klein Eternity Perfume For Women
66,Beats Solo Pro Wireless Headphones
67,Samsung QLED 4K Smart TV
68,Reebok Classic Leather Sneakers
69,Sony Bravia OLED TV 55 Inch
70,Microsoft Surface Pro 7 Tablet
71,Tommy Hilfiger Polo Shirt For Men
72,Garmin Forerunner 945 GPS Watch
73,Breville Bambino Plus Coffee Machine
74,Asus Zenbook 14 Ultra Thin Laptop
75,Adidas Superstar Sneakers For Women
76,Lenovo ThinkPad X1 Carbon Laptop
77,Ralph Lauren Polo Shirt For Women
78,GoPro Hero8 Black Action Camera
79,Google Pixel 6 Pro Smartphone
80,Acer Predator Helios 300 Gaming Laptop
81,Converse Chuck Taylor All Star Sneakers
82,LG C9 Series OLED TV 65 Inch
83,Apple AirPods Pro Wireless Earbuds
84,Nikon D5600 Digital Camera
85,Puma Suede Sneakers For Men
86,Toshiba 43 Inch Smart LED TV
87,Oakley Holbrook Sunglasses For Men
88,Vivo X60 Pro Smartphone
89,Mango Women Clothing Summer Collection
90,JBL Boombox Portable Bluetooth Speaker
91,OnePlus 9 Pro Smartphone
92,Xiaomi Redmi Note 10 Pro
93,Asics Gel Kontours Running Shoes
94,Amazon Echo Dot Smart Speaker
95,Huawei P40 Pro Smartphone
96,New Balance 574 Sneakers For Women
97,Intel Core i7 Processor
98,Playstation 5 Console Bundle
99,Coca Cola Zero Sugar 12 Pack
100,Kellogg's Corn Flakes Breakfast Cereal
101,Apple Watch Series 7 Smartwatch
102,Samsung Galaxy S22 Ultra Smartphone
103,Sony Wireless Noise Cancelling Headphones
104,Nike Air Max 270 Running Shoes
105,Adidas Superstar Classic Fashion Sneakers
106,Grocery Shopping Cart Fresh Food Box
107,Organic Quinoa and Brown Rice Bundle
108,Sony 4K Smart LED TV 55 Inch
109,TCL 50 Inch 4K UHD Smart TV
110,Beats by Dre Solo Pro Wireless Headphones
111,Apple Macbook Air 13 Inch Laptop
112,Dell Inspiron 15 5000 Series Notebook
113,HP Envy x360 Convertible Laptop Computer
114,Lenovo ThinkPad E15 Business Laptop
115,Ray Ban Aviator Classic Sunglasses
116,Oakley Holbrook Sports Sunglasses Men
117,Gucci Ace Sneakers for Men and Women
118,Prada Saffiano Lux Tote Handbag
119,Chanel Classic Flap Handbag for Women
120,Fossil Grant Chronograph Leather Watch
121,Skagen Ancher Automatic Watch for Men
122,Bvlgari Omnia Paraiba Eau de Parfum
123,Calvin Klein Eternity Fragrance for Men
124,Dolce and Gabbana The One EDT Spray
125,Tom Ford Black Orchid Eau de Parfum
126,KitchenAid Stand Mixer Attachment Set
127,Keurig K-Classic Coffee Maker Machine
128,Cuisinart Food Processor with Accessories
129,Breville Smart Oven Air Fryer Toaster
130,Nespresso Expert Coffee Machine with Pods
131,Groceri Shoping Cart Fresh Food Boxe
132,Organix Quinoa and Brown Rice Bundel
133,Soni 4K Smart LED TV 55 Inch Screen
134,Nike Air Max 270 Running Shoe for Men
135,Adidas Superstar Classic Fashion Sneaker
136,Apple Watch Seris 7 Smartwatch Edition
137,Samgsung Galaxy S22 Ultra Smartphone Phone
138,Beats by Dre Solo Pro Wirelss Headphones
139,TCL 50 Inch 4K UHD Smart Television Set
140,Sony Wireless Noise Cancelling Headphone Set
141,Dell Inspiron 15 5000 Seris Notebook Computer
142,HP Envy x360 Convertible Laptop Computor
143,Lenovo ThinkPad E15 Buisness Laptop Computer
144,Ray Ban Avaitor Classic Sunglasses for Men
145,Oakley Holbrook Sports Sunglasses for Women
146,Gucci Ace Sneakrs for Men and Women Fashion
147,Prada Saffiano Lux Tote Handbag for Ladies
148,Chanel Classic Flap Handbag for Women Fashion
149,Fossil Grant Chronograph Leather Watch for Men
150,Skagen Ancher Automatic Watch for Mens Fashion
151,Samsung Galaxy S22 Ultra Smartphone
152,Apple Iphone 13 Pro Max Charger Cable
153,Nike Air Max 270 React Fashion Sneakers
154,Sony Wireless Noise Cancelling Headphones
155,Gucci Ace Embossed Leather Wallet
156,Xbox Series X Console Bundle
157,Canon EOS 80D Digital Camera Kit
158,Playstation 5 Controller Charging Dock
159,Ray Ban Aviator Sunglasses
160,Fossil Grant Chronograph Watch
161,Beats Solo Pro Wireless Headphones
162,Dell Inspiron 15 5000 Laptop
163,Asus ROG Zephyrus Gaming Laptop
164,JBL Clip 3 Portable Bluetooth Speaker
165,Google Pixel 6 Pro Phone Case
166,Adidas Ultraboost 20 Running Shoes
167,Samsung QN90A 4K Smart TV
168,Philips Hue Smart Light Bulb
169,KitchenAid Stand Mixer Attachments
170,Bosch Cordless Drill Driver Kit
171,Keurig K-Cup Coffee Maker Machine
172,LG InstaView Door-in-Door Refrigerator
173,Whirlpool Front Load Washing Machine
174,Maytag Gas Dryer with Steam
175,Frito Lay Variety Pack Snack Boxes
176,Pepsi Cola 24 Pack Canned Soda
177,Coca Cola Zero Sugar 12 Pack
178,Tropicana Orange Juice Cartons
179,Pringles Original Potato Chips
180,Lay's Sour Cream and Onion Chips
181,Gatorade G2 Low Calorie Sports Drink
182,Powerade Fruit Punch Sports Drink
183,Nike Air Max 270 React Fashion Sneekers
184,Samgsung Galaxy S22 Ultra Smartphonee
185,Beats Solo Pro Wireles Headphones
186,Sony Wirless Noise Cancelling Headphoness
187,Guchy Ace Embossed Leather Wallett
188,Xbox Seris X Console Bundle
189,Playstion 5 Controller Charging Dockk
190,Adidas Ultraboot 20 Running Shoees
191,Samsun QN90A 4K Smart TV
192,JBL Cliip 3 Portable Bluetooth Speaker
193,Google Pixel 6 Pro Phone Casee
194,Ray Ban Aviatar Sunglasses
195,Canon EOS 80D Digital Camera Kitt
196,Asus ROG Zephyrus Gamming Laptop
197,Dell Inspiron 15 5000 Laptoop
198,Fossil Grant Chronograph Watchh
199,Bosch Cordless Drill Driver Kit
200,KitchenAid Stand Mixer Attachments
201,Samsung Galaxy Smart Watch Black Edition
202,Apple iPhone 13 Pro Max Phone Case
203,Nike Air Max 270 React Sneakers Mens
204,Grocery Store Fresh Strawberry Jam 12oz
205,Sony Wireless Noise Cancelling Headphones
206,Rayban Aviator Sunglasses For Men
207,Bose Soundlink Color Portable Bluetooth Speaker
208,Canon EOS Rebel T8i Camera Bundle
209,Adidas Ultraboost 21 Running Shoes Women
210,LG 4K Smart TV 55 Inch Class
211,KitchenAid Stand Mixer Attachments Set
212,Under Armour Curry 8 Basketball Shoes
213,Asus ROG Gaming Laptop 15 Inch
214,Microsoft Xbox Series X Console
215,KitchenAid Refrigerator Water Filter Replacement
216,Sony PlayStation 5 Controller Charging Station
217,Nike Air Force 1 Sneakers Womens
218,Dell Inspiron 15 5000 Laptop Computer
219,Puma Fenty Training Shoes Women
220,Vans Old Skool Sneakers Mens
221,Hp Envy x360 Laptop 15z Touch
222,Reebok Classic Leather Sneakers Unisex
223,Xbox One S Console Bundle
224,Lenovo Thinkpad X1 Carbon Laptop
225,New Balance 574 Sneakers Mens
226,Converse Chuck Taylor All Star Sneakers
227,Samsung Qled 4K Smart TV
228,GoPro Hero8 Black Action Camera
229,Beats Solo Pro Wireless Headphones
230,Jbl Flip 5 Portable Bluetooth Speaker
231,Apple Airpods Pro Earbuds
232,Whirlpool Refrigerator Parts Water Filter
233,Canon Pixma Ts202 Inkjet Printer
234,Sony Mdr 7506 Headphones
235,Samsung Galaxy Watch Active2
236,Amazon Fire Tv Stick Streaming Device
237,Razer Blade 15 Gaming Laptop
238,Fossil Gen 5 Smartwatch
239,Google Pixel 4 Xl Phone Case
240,Microsoft Surface Laptop 3
241,Breville Bambino Plus Espresso Machine
242,Garmin Forerunner 945 Smartwatch
243,Acer Predator Helios 300 Gaming Laptop
244,Asus Zenfone 7 Pro Smartphone
245,Panasonic Lumix G7 Camera
246,Toshiba 50 Inch Led Tv
247,Nike Air Zoom Pegasus 38 Sneakers
248,Playstation 4 Slim Console Bundle
249,DJI Mavic Air 2 Drone
250,Samsung Galaxy Tab S7 Tablet
251,Apple Watch Series 7 Smartwatch
252,Samsung Galaxy S22 Ultra Smartphone
253,Nike Air Max 270 React Sneakers
254,Sony WH-1000XM5 Wireless Headphones
255,Gucci Ace Embossed Leather Sneakers
256,Huawei P30 Pro Camera Phone
257,Adidas Ultraboost 22 Running Shoes
258,Bose QuietComfort 45 Headphones
259,Prada Sport Laced Sneakers
260,OnePlus 9 Pro 5G Smartphone
261,Reebok Classic Leather Sneakers
262,Beats Solo Pro Wireless Headphones
263,Canon EOS 80D DSLR Camera
264,Fila Disruptor II Sneakers
265,Google Pixel 6 Pro Smartphone
266,Puma Suede Classic Sneakers
267,Lenovo ThinkPad X1 Laptop
268,Vans Old Skool Sneakers
269,Asus ROG Zephyrus Gaming Laptop
270,Converse Chuck Taylor Sneakers
271,Microsoft Surface Pro 8 Tablet
272,New Balance 574 Sneakers
273,Dell XPS 13 Laptop
274,Apple AirPods Pro Earbuds
275,Razer Blade 15 Gaming Laptop
276,Under Armour Curry Sneakers
277,Intel Core i9 Processor
278,ASUS ZenBook 14 Laptop
279,AMD Ryzen 9 Processor
280,NVIDIA GeForce RTX 3080 Graphics Card
281,Turtle Wax Car Care Kit
282,Folgers Classic Roast Coffee
283,Lay's Classic Potato Chips
284,Kit Kat Wafer Bars
285,Coca Cola Classic Soda
286,Pepsi Zero Sugar Soda
287,Tide Original Scent Laundry Detergent
288,Gillette Fusion ProGlide Razors
289,Colgate Total Toothpaste
290,Axe Dark Temptation Deodorant
291,L'Oréal Paris EverPure Shampoo
292,Nivea Soft Moisturizing Cream
293,Apple Watch Seires 7 Smartwatch
294,Samsun Galaxxy S22 Ultra Smartphone
295,Nike Air Maxx 270 React Sneakers
296,Guucci Ace Embossed Leather Sneakerrs
297,Beats Solo Proo Wireless Headphones
298,Canon EOS 80D DSLR Cameraa
299,Pumma Suede Classic Sneaker
300,Lenovo ThinkPad X1 Laptoo
301,Apple Watch Series 7 Black Edition
302,Samsung Galaxy S22 Ultra Phone Case
303,Nike Air Max 270 Sneakers For Men
304,Organic Brown Rice 2 Pound Bag
305,Sony WH1000XM4 Wireless Noise Cancelling Headphones
306,Rayban Aviator Sunglasses For Women
307,Canon EOS 80D DSLR Camera Kit
308,Fossil Grant Chronograph Leather Watch
309,New Balance 574 Sport shoes For Women
310,Intel Core i7 12th Gen Laptop Processor
311,Gucci Ace Sneakers For Men Black
312,Pampers Baby Diapers Size 2 120 Count
313,ASUS ROG Zephyrus Gaming Laptop
314,Tory Burch Robinson Double Zip Wallet
315,KitchenAid Stand Mixer 5 Quart Bowl
316,Microsoft Surface Pro 8 Tablet
317,Adidas Ultraboost 22 Running Shoes
318,Vans Old Skool Sneakers For Women
319,Dell Inspiron 15 5000 Laptop
320,Under Armour Curry 9 Basketball Shoes
321,Calvin Klein Eternity Perfume For Women
322,Google Pixel 6 Pro Smartphone
323,Playstation 5 Console Bundle
324,Casio G-Shock Watch For Men
325,Chanel Chance Eau Tendre Perfume
326,Fitbit Charge 5 Fitness Tracker
327,Ralph Lauren Polo Shirt For Men
328,Bose QuietComfort 45 Headphones
329,Loreal Paris True Match Foundation
330,Xbox Series X Console Bundle
331,Prada Candy Perfume For Women
332,Garmin Forerunner 945 GPS Watch
333,Acer Aspire 5 Laptop
334,Oakley Holbrook Sunglasses For Men
335,Hugo Boss Bottled Perfume For Men
336,Apple AirPods Pro Earbuds
337,Reebok Classic Leather Sneakers
338,Fendi FF 0217 Sunglasses For Women
339,Beats Solo Pro Wireless Headphones
340,Brooks Ghost 14 Running Shoes
341,Samsung QN90A 4K Smart TV
342,Tommy Hilfiger Flag Polo Shirt
343,JBL Flip 6 Portable Bluetooth Speaker
344,Versace Dylan Blue Perfume For Men
345,LG C1 Series 4K OLED TV
346,Converse Chuck 70 Sneakers For Women
347,Dolce and Gabbana The One Perfume
348,Asus Zenbook 14 Laptop
349,Puma Future 4.1 Netfit Football Boots
350,Apple Watch Seies 7 Black Edtion
351,Samsung Galaxy Note 4G Smartphone
352,Apple Watch Series 7 Sport Edition
353,Nike Air Max 270 Running Shoes
354,Sony 4K LED Smart TV 55 Inch
355,Grocery Staples Kit with Organic Food
356,Canon EOS 80D Digital Camera Kit
357,HP Envy x360 Laptop Computer
358,Ray Ban Aviator Sunglasses Polarized
359,KitchenAid Stand Mixer Deluxe Edition
360,Xbox One S Console Bundle
361,Samsung Galaxy Note 4G Smartphone Case
362,Adidas Superstar Sneakers Black White
363,Bose QuietComfort 35 II Headphones
364,LG 28 Inch 4K LED Monitor
365,Organic Food Basket with Fresh Produce
366,Dell Inspiron 15 5000 Laptop Computer
367,Sony MDR 7506 Headphones Professional
368,Reebok Classic Leather Sneakers White
369,Microsoft Office 365 Subscription
370,GoPro Hero8 Black Action Camera
371,Puma Suede Classic Sneakers Black
372,JBL Charge 4 Portable Bluetooth Speaker
373,Asus ROG Zephyrus Gaming Laptop
374,New Balance 574 Sneakers Navy Blue
375,Beats Solo Pro Wireless Headphones
376,Converse Chuck Taylor All Star Sneakers
377,Vans Old Skool Sneakers Black White
378,Sennheiser HD 400 Pro Headphones
379,Apple MacBook Air Laptop Computer
380,Razer Blade 15 Gaming Laptop
381,Playstation 4 Console Bundle
382,Samsung Galaxie Note 4G Smartphone
383,Nike Air Max 270 Running Shoe
384,Xbox One S Consol Bundle
385,Canon EOS 80D Digitl Camera Kit
386,HP Envy x360 Laptp Computer
387,Sony 4K LED Smart TV 55 Inch Screen
388,Kitchen Aid Stand Mixer Deluxe Editon
389,Grocery Stapels Kit with Organic Foods
390,Bose Quiet Comfort 35 II Headphones
391,Asus ROG Zephyrus Gaming Laptp
392,Microsoft Office 365 Subscripton
393,JBL Charge 4 Portible Bluetooth Speaker
394,Sennheiser HD 400 Pro Headpones
395,Apple Watch Series 7 Sport Editon
396,Dell Inspiron 15 5000 Laptp Computer
397,Ray Ban Aviator Sunglasses Polarized Lenses
398,Playstation 4 Consol Bundle
399,Nike Air Max 270 Running Shoes Mens
400,Samsung Galaxie Note 4G Smartphone Case
401,Apple Watch Series 7 Smartwatch
402,Samsung Galaxy S22 Ultra Smartphone
403,Nike Air Max 270 Running Shoes
404,TCL 50 Inch 4K LED Smart TV
405,Sony WH-1000XM4 Wireless Headphones
406,Canon EOS 80D Digital SLR Camera
407,KitchenAid Stand Mixer Stainless Steel
408,Bosch Cordless Drill Driver Kit
409,Dell Inspiron 15 5000 Laptop Computer
410,HP Envy x360 Convertible Laptop
411,Lenovo ThinkPad E590 Business Laptop
412,Asus ROG Zephyrus Gaming Laptop
413,Microsoft Surface Pro 7 Tablet
414,Google Pixel 6 Pro Smartphone
415,OnePlus 9 Pro Android Smartphone
416,Xiaomi Redmi Note 10 Pro
417,Oppo Find X3 Pro Smartphone
418,Vivo X60 Pro Android Smartphone
419,Huawei P40 Pro Smartphone
420,Samsung Galaxy Tab S7 Tablet
421,Apple iPad Air 4th Generation
422,Amazon Echo Dot Smart Speaker
423,Google Nest Mini Smart Speaker
424,Sonos One Smart Speaker System
425,Bose Home Speaker 500 Soundbar
426,Yamaha YAS-209 Soundbar Speaker
427,JBL Bar 3.1 Soundbar System
428,Sennheiser HD 4.50 BT Headphones
429,Beats Solo Pro Wireless Headphones
430,Audio-Technica ATH-M50x Headphones
431,Apple AirPods Pro Earbuds
432,Samsung Galaxy Buds Pro Earbuds
433,Google Pixel Buds Pro Earbuds
434,Sony WF-1000XM4 Earbuds
435,Bose QuietComfort Earbuds
436,Nike Sportswear Hoodie Jacket
437,Adidas Superstar Running Shoes
438,Reebok Classic Leather Shoes
439,Puma Suede Classic Sneakers
440,Converse Chuck Taylor All Star
441,Vans Old Skool Classic Sneakers
442,New Balance 574 Sport Shoes
443,Nautica Men's Waterproof Watch
444,Fossil Grant Chronograph Watch
445,Skagen Ancher Automatic Watch
446,Timo Vollmer Leather Wallet
447,Fjallraven Re-Kanken Backpack
448,The North Face Borealis Backpack
449,Nike Air Force 1 Low Shoes
450,Applle Watch Seris 7 Smartwatch
451,Apple iPhone 13 Pro Max Phone
452,Samsung Galaxy S22 Ultra Smartphone
453,Nike Air Max 270 Running Shoes
454,Adidas Superstar Classic Fashion Sneakers
455,Canon EOS 80D Digital Camera Kit
456,Sony PlayStation 5 Gaming Console
457,Microsoft Surface Laptop 4 Computer
458,HP Envy x360 Convertible Laptop
459,Dell Inspiron 15 5000 Series Notebook
460,Asus Vivobook X512FA Budget Laptop
461,Lenovo ThinkPad E15 Business Laptop
462,Toshiba Satellite C655D-S5130 Laptop
463,Acer Aspire 5 Slim Laptop Computer
464,JBL Charge 4 Portable Bluetooth Speaker
465,Beats Solo Pro Wireless Headphones
466,Bose QuietComfort 35 II Headphones
467,Sennheiser HD 4.50 BT Wireless Headset
468,Razer BlackWidow Lite Gaming Keyboard
469,Logitech G502 Gaming Mouse Computer
470,SteelSeries Rival 600 Gaming Mouse
471,HyperX Alloy Elite Gaming Keyboard
472,Corsair K95 RGB Platinum Keyboard
473,TOMS Classic Alpargata Slip On Shoes
474,Vans Old Skool Classic Skate Shoes
475,Converse Chuck Taylor All Star Sneakers
476,Reebok Classic Leather Running Shoes
477,Puma Suede Classic Fashion Sneakers
478,New Balance 574 Classic Running Shoes
479,Fila Disruptor II Premium Sneakers
480,Under Armour Curry 8 Basketball Shoes
481,Jordan Air 1 Mid Basketball Sneakers
482,Kellogg's Corn Flakes Breakfast Cereal
483,Folgers Classic Roast Coffee Grounds
484,Lay's Classic Potato Chips Snack
485,Pringles Original Stack Potato Chips
486,Kraft Macaroni and Cheese Dinner
487,Heinz Tomato Ketchup Condiment
488,Coca Cola Classic Soda Soft Drink
489,Pepsi Cola Original Soda Soft Drink
490,Dr Pepper Original Soda Soft Drink
491,Apple iPhone 13 Pro Max Phon
492,Samsun Galaxi S22 Ultra Smartphon
493,Nik Air Max 270 Runing Shoes
494,Adidas Superstar Clasik Fashion Sneekers
495,Canon EOS 80D Digitl Camera Kit
496,Sony PlayStatioin 5 Gaming Console
497,Microsoft Surfacebook Laptop 4 Computer
498,HP Envy x360 Convertibl Laptop
499,Dell Insperon 15 5000 Seris Notebook
500,Apple iPhone 13 Pro Max Phone Case
